No. Responden,A.1,A.2,A.3,A.4,A.5,A.6,B.1,B.2,C.1,C.2,C.3,C.4,D.1,D.2,D.3,D.4,D.5,E.1,E.2,E.3,F.1,F.2,F.3,F.4,F.5,F.6,F.7,F.8,Kepuasan Hidup
1,1,30,1,3,1,1,4,4,1,1,2,2.00,4,4,4,2500000,178.57,4,4,5,4,3,4,4,4,3,3,3,Sangat Tidak Puas
2,1,40,1,3,1,5,4,5,2,2,4,2.00,4,4,5,1200000,85.71,4,5,4,4,3,4,4,5,4,4,5,Sangat Tidak Puas
3,1,38,1,3,1,5,4,4,1,2,3,3.00,3,4,5,1600000,114.29,4,4,5,5,4,4,3,3,3,3,4,Sangat Tidak Puas
4,1,27,2,3,1,5,5,4,2,2,4,2.00,4,4,5,1500000,107.14,4,5,4,4,5,5,4,3,4,5,4,Sangat Tidak Puas
5,2,28,2,3,1,5,5,5,3,2,5,1.67,5,4,5,1200000,85.71,4,5,4,4,4,5,3,4,5,5,4,Sangat Tidak Puas
6,1,37,1,2,1,5,4,4,1,2,3,3.00,4,4,5,2000000,142.86,4,4,5,4,3,4,5,4,4,5,4,Sangat Tidak Puas
7,1,25,2,3,1,5,4,4,1,3,4,4.00,4,4,5,1500000,107.14,4,4,5,4,4,3,4,3,4,4,5,Sangat Tidak Puas
8,2,27,2,3,1,3,3,4,3,1,4,1.33,4,4,5,2000000,142.86,4,4,3,4,4,5,5,4,3,4,3,Sangat Tidak Puas
9,1,40,1,3,1,3,3,5,2,2,4,2.00,4,4,5,1800000,128.57,4,4,3,4,4,3,5,4,4,3,5,Sangat Tidak Puas
10,1,27,2,3,1,5,4,4,2,2,4,2.00,4,5,5,1500000,107.14,4,4,5,3,4,3,3,4,3,4,4,Biasa
11,1,45,1,2,1,5,3,4,2,3,5,2.50,3,4,5,1800000,128.57,3,4,4,3,4,4,3,4,4,3,4,Biasa
12,1,38,1,3,1,3,3,5,1,3,4,4.00,3,4,4,1600000,114.29,4,4,4,4,3,4,5,4,4,5,5,Sangat Tidak Puas
13,1,25,2,3,1,5,3,5,2,2,4,2.00,3,4,5,1200000,85.71,4,4,5,4,4,3,4,5,3,4,4,Sangat Tidak Puas
14,2,30,1,3,1,5,2,4,2,1,3,1.50,4,4,4,1500000,107.14,4,4,4,4,4,4,4,4,4,3,3,Sangat Tidak Puas
15,1,28,2,3,1,5,3,4,2,3,5,2.50,4,4,3,1500000,107.14,4,4,4,4,3,4,4,4,4,3,4,Sangat Tidak Puas
16,1,38,1,3,1,5,3,4,1,2,3,3.00,4,4,5,1600000,114.29,4,4,5,4,4,5,4,4,3,4,4,Sangat Tidak Puas
17,1,39,1,3,1,5,4,4,1,2,3,3.00,4,4,4,1800000,128.57,4,4,5,4,4,3,4,4,3,4,4,Sangat Tidak Puas
18,1,40,1,2,1,5,3,4,2,2,4,2.00,3,4,4,2000000,142.86,4,4,4,4,4,3,4,5,4,4,5,Sangat Tidak Puas
19,1,40,1,3,1,2,3,5,1,3,4,4.00,3,4,5,3000000,214.29,4,4,3,4,4,3,4,5,4,4,4,Sangat Tidak Puas
20,1,38,1,3,1,5,3,4,1,2,3,3.00,3,4,5,1600000,114.29,4,4,5,4,3,4,5,4,4,3,3,Sangat Tidak Puas
21,1,38,1,2,1,4,5,5,1,3,4,4.00,4,5,5,2500000,178.57,5,5,5,2,3,4,4,3,4,3,3,Sangat Puas
22,1,45,1,3,1,1,2,5,4,1,5,1.25,4,4,5,3000000,214.29,5,5,4,5,4,4,5,3,4,5,5,Sangat Tidak Puas
23,1,36,1,3,1,3,4,4,2,3,5,2.50,4,5,5,1200000,85.71,4,5,4,4,5,5,4,4,5,5,4,Sangat Tidak Puas
24,1,20,2,3,1,3,5,4,2,1,3,1.50,4,3,5,1200000,85.71,5,4,4,4,4,5,5,4,5,4,3,Sangat Tidak Puas
25,1,28,2,3,1,5,4,5,2,2,4,2.00,3,5,5,1500000,107.14,4,5,4,4,3,4,5,5,4,4,3,Sangat Tidak Puas
26,1,23,1,3,1,5,3,5,1,2,3,3.00,3,4,5,1500000,107.14,4,4,5,4,3,3,4,4,5,4,4,Sangat Tidak Puas
27,1,23,1,3,2,3,4,5,1,1,2,2.00,4,4,4,2500000,178.57,5,4,5,4,5,5,5,4,5,4,4,Sangat Tidak Puas
28,1,23,2,3,1,5,5,3,1,0,1,1.00,4,3,2,1800000,128.57,4,3,3,4,3,4,2,4,2,4,2,Sangat Tidak Puas
29,1,43,1,3,1,3,4,5,3,1,4,1.33,4,4,4,2000000,142.86,4,3,4,4,4,5,4,5,4,4,4,Sangat Tidak Puas
30,1,36,3,3,1,3,4,5,1,1,2,2.00,4,4,3,3500000,250.00,4,4,5,4,4,5,5,5,4,5,4,Sangat Tidak Puas
31,1,28,2,4,1,5,4,5,1,0,1,1.00,4,4,5,1700000,121.43,4,4,5,4,4,4,5,5,4,5,4,Sangat Tidak Puas
32,2,26,1,5,1,1,4,4,2,1,3,1.50,4,4,4,5000000,357.14,4,4,4,4,3,3,3,3,3,2,3,Sangat Tidak Puas
33,1,39,1,3,1,5,4,3,2,2,4,2.00,4,4,4,2000000,142.86,4,3,2,5,3,2,2,4,3,4,2,Sangat Tidak Puas
34,1,27,2,4,1,3,4,4,1,0,1,1.00,4,4,4,3000000,214.29,4,4,4,4,3,3,3,3,3,2,3,Sangat Tidak Puas
35,1,32,1,4,1,3,4,5,2,2,4,2.00,4,4,5,1500000,107.14,5,4,4,3,4,4,5,4,5,4,4,Biasa
36,2,29,1,3,3,5,4,3,2,1,3,1.50,4,4,5,1500000,107.14,4,4,5,4,4,5,4,4,5,4,4,Sangat Tidak Puas
37,1,28,1,3,1,3,4,4,2,1,3,1.50,4,4,5,2000000,142.86,4,4,5,4,4,4,5,3,4,5,4,Sangat Tidak Puas
38,1,30,1,3,1,5,4,5,2,2,4,2.00,4,4,5,1000000,71.43,4,4,3,4,4,5,4,5,4,5,4,Sangat Tidak Puas
39,2,23,1,4,1,3,4,5,2,0,2,1.00,5,4,5,2800000,200.00,4,4,4,4,4,4,4,4,5,4,5,Sangat Tidak Puas
40,1,23,2,3,1,5,4,5,1,0,1,1.00,4,2,4,1500000,107.14,4,3,3,3,3,4,3,3,4,3,4,Biasa
41,1,25,1,3,1,5,5,4,1,2,3,3.00,5,4,4,2500000,178.57,4,4,3,5,4,4,4,5,4,3,4,Sangat Tidak Puas
42,2,23,2,5,1,1,4,5,1,0,1,1.00,4,3,4,2500000,178.57,4,4,3,4,3,3,3,4,3,4,4,Sangat Tidak Puas
43,1,45,1,3,1,4,5,4,2,3,5,2.50,5,4,4,4000000,285.71,4,3,4,4,4,4,4,4,4,4,4,Sangat Tidak Puas
44,1,22,2,3,1,2,4,4,1,0,1,1.00,4,4,4,2800000,200.00,4,4,4,4,4,3,4,3,3,2,3,Sangat Tidak Puas
45,2,35,1,5,1,4,5,5,2,3,5,2.50,4,3,4,7000000,500.00,4,4,3,3,3,2,2,2,4,3,4,Biasa
46,1,36,1,5,1,4,5,5,2,3,5,2.50,4,3,4,7000000,500.00,4,4,3,3,3,2,2,2,4,3,4,Biasa
47,1,40,1,2,1,3,4,4,1,4,5,5.00,3,3,4,3000000,214.29,3,3,3,3,3,3,3,4,3,3,3,Biasa
48,1,38,1,5,1,4,4,4,1,3,4,4.00,4,4,4,3500000,250.00,4,4,4,3,3,3,3,3,4,3,3,Biasa
49,1,35,1,5,1,3,4,4,1,2,3,3.00,3,3,3,2000000,142.86,4,3,3,3,4,4,3,3,3,3,3,Biasa
50,2,27,1,3,1,5,4,5,2,2,4,2.00,5,5,4,2500000,178.57,4,4,4,4,5,4,4,5,4,4,4,Sangat Tidak Puas
51,1,50,1,1,1,5,3,4,1,3,4,4.00,3,3,2,3500000,250.00,3,3,3,3,3,3,3,3,3,4,4,Biasa
52,1,28,1,3,1,4,4,4,1,2,3,3.00,3,3,3,3000000,214.29,3,3,3,3,3,3,3,3,4,3,3,Biasa
53,1,31,1,2,1,5,3,3,2,0,2,1.00,3,3,2,1700000,121.43,3,2,3,3,3,3,3,3,4,4,3,Biasa
54,1,45,1,3,1,3,3,3,1,4,5,5.00,3,3,4,3000000,214.29,3,3,3,3,3,3,3,3,3,4,4,Biasa
55,1,45,1,3,1,3,4,4,2,2,4,2.00,3,4,4,4000000,285.71,4,4,4,3,2,2,2,2,2,3,4,Biasa
56,1,27,1,3,1,5,5,4,1,2,3,3.00,5,4,3,2300000,164.29,5,4,5,4,4,5,5,4,4,4,4,Sangat Tidak Puas
57,2,34,1,3,1,5,4,3,2,2,4,2.00,4,3,3,2000000,142.86,4,3,2,3,4,2,2,3,4,4,2,Biasa
58,2,40,1,3,2,4,2,3,2,3,5,2.50,3,3,4,4000000,285.71,3,4,4,4,3,1,3,1,3,3,3,Sangat Tidak Puas
59,1,27,1,4,1,3,4,4,2,0,2,1.00,4,4,4,2500000,178.57,4,4,4,4,3,3,3,3,3,2,4,Sangat Tidak Puas
60,2,29,1,4,1,3,5,4,2,2,4,2.00,5,4,4,2200000,157.14,5,4,5,4,5,4,5,4,4,4,4,Sangat Tidak Puas
61,1,39,1,3,1,3,4,4,2,2,4,2.00,3,4,4,3000000,214.29,4,5,4,4,3,2,3,2,3,2,3,Sangat Tidak Puas
62,1,27,1,5,1,3,4,5,1,1,2,2.00,4,3,4,2000000,142.86,4,4,3,4,4,4,4,5,4,5,4,Sangat Tidak Puas
63,2,22,2,3,1,3,4,5,1,0,1,1.00,3,4,4,2500000,178.57,4,4,3,4,2,3,3,3,2,3,2,Sangat Tidak Puas
64,2,31,2,5,2,3,5,4,1,0,1,1.00,4,4,5,5000000,357.14,4,4,5,4,4,3,4,3,5,3,4,Sangat Tidak Puas
65,2,23,2,3,1,3,4,4,1,0,1,1.00,4,4,4,2000000,142.86,4,4,4,4,4,4,4,3,3,2,3,Sangat Tidak Puas
66,1,50,1,4,1,1,4,3,1,4,5,5.00,4,4,4,4000000,285.71,3,3,3,3,3,3,3,3,4,3,3,Biasa
67,1,47,1,3,2,4,2,4,2,3,5,2.50,3,3,4,4000000,285.71,3,4,4,4,3,1,3,1,3,3,3,Sangat Tidak Puas
68,2,28,1,4,1,3,4,5,2,1,3,1.50,4,4,2,2000000,142.86,4,3,4,4,3,4,4,4,4,4,3,Sangat Tidak Puas
69,1,24,2,3,1,5,3,3,3,3,6,2.00,3,4,4,1800000,128.57,4,4,5,3,4,4,3,4,4,4,3,Biasa
70,1,45,1,2,1,5,4,4,3,3,6,2.00,3,4,4,1600000,114.29,4,4,5,3,3,4,4,3,4,5,4,Biasa
71,1,29,1,3,1,5,4,4,2,3,5,2.50,3,3,4,1800000,128.57,4,4,5,3,4,4,3,4,4,3,4,Biasa
72,1,23,2,3,1,5,4,4,2,3,5,2.50,3,4,4,1500000,107.14,4,4,4,3,4,4,3,3,4,4,3,Biasa
73,1,32,1,2,1,5,4,4,1,2,3,3.00,3,3,4,1800000,128.57,5,5,4,3,4,4,3,4,4,3,4,Biasa
74,1,24,2,3,1,5,3,3,2,2,4,2.00,3,4,4,1500000,107.14,4,4,5,3,3,4,4,3,3,3,4,Biasa
75,1,25,2,3,1,5,3,3,3,1,4,1.33,3,4,4,1500000,107.14,4,4,4,3,3,4,3,3,4,3,4,Biasa
76,1,30,2,3,1,5,4,4,2,2,4,2.00,3,3,4,1500000,107.14,4,4,3,3,3,4,4,5,4,3,3,Biasa
77,1,23,2,3,1,5,3,4,2,1,3,1.50,3,4,4,1400000,100.00,4,4,5,3,4,4,3,4,4,3,4,Biasa
78,1,23,2,3,1,5,3,4,2,3,5,2.50,3,4,4,1200000,85.71,4,4,4,3,4,3,3,4,4,3,4,Biasa
79,1,30,1,3,1,5,3,3,2,2,4,2.00,4,4,3,1800000,128.57,4,4,4,3,3,4,3,4,4,3,4,Biasa
80,1,25,1,3,1,3,3,4,2,2,4,2.00,3,3,4,1800000,128.57,4,4,4,3,3,4,4,3,4,4,4,Biasa
81,2,28,1,3,1,5,3,5,2,1,3,1.50,3,4,5,1200000,85.71,4,4,4,3,3,4,3,3,4,4,3,Biasa
82,1,40,1,2,1,5,3,4,2,2,4,2.00,3,3,4,1800000,128.57,4,4,4,3,3,3,4,4,3,3,4,Biasa
83,1,23,2,3,1,5,3,4,2,2,4,2.00,3,4,4,1600000,114.29,3,4,4,3,3,4,5,4,3,4,3,Biasa
84,1,28,1,3,1,2,3,3,1,2,3,3.00,3,3,4,3000000,214.29,3,4,4,3,3,4,3,3,4,3,4,Biasa
85,1,29,2,3,1,3,4,3,2,3,5,2.50,3,4,3,1800000,128.57,4,4,3,3,3,3,3,4,3,3,3,Biasa
86,1,29,2,3,1,5,3,3,2,2,4,2.00,3,4,4,1500000,107.14,4,4,3,3,4,4,3,3,4,3,3,Biasa
87,1,31,1,3,1,5,3,3,2,1,3,1.50,4,4,3,1400000,100.00,3,3,4,3,3,4,4,4,3,3,4,Biasa
88,2,25,2,3,1,5,3,4,2,2,4,2.00,4,4,5,1600000,114.29,4,4,3,3,4,4,4,3,3,4,3,Biasa
89,1,29,2,3,1,5,3,4,3,2,5,1.67,3,3,4,2000000,142.86,3,3,4,3,3,4,4,3,3,4,4,Biasa
90,1,30,2,3,1,5,3,3,3,2,5,1.67,3,3,4,2500000,178.57,4,4,3,3,3,4,4,3,3,3,3,Biasa
91,1,40,1,2,1,5,3,3,2,2,4,2.00,4,4,3,2000000,142.86,4,4,3,3,3,4,4,3,3,3,4,Biasa
92,1,35,1,3,1,1,3,3,2,2,4,2.00,3,4,4,2500000,178.57,3,3,4,3,3,3,4,4,3,4,4,Biasa
93,1,36,1,3,1,3,4,4,3,2,5,1.67,4,4,4,1800000,128.57,4,4,4,4,3,2,3,2,3,4,4,Sangat Tidak Puas
94,2,34,1,5,1,1,4,4,2,2,4,2.00,4,4,4,2500000,178.57,4,3,4,4,2,3,3,2,3,4,4,Sangat Tidak Puas
95,1,35,1,3,1,3,4,4,2,1,3,1.50,4,4,3,1500000,107.14,4,3,4,5,2,3,4,3,3,4,4,Sangat Tidak Puas
96,1,38,1,5,1,2,4,4,1,4,5,5.00,4,4,4,3000000,214.29,4,4,5,5,2,3,3,2,3,4,4,Sangat Tidak Puas
97,1,35,1,5,1,1,4,4,2,2,4,2.00,4,4,4,2500000,178.57,4,3,4,4,2,3,3,2,3,2,2,Sangat Tidak Puas
98,1,38,1,3,1,4,4,4,1,3,4,4.00,4,4,4,1700000,121.43,4,4,3,4,4,3,4,3,4,4,5,Sangat Tidak Puas
99,1,39,1,2,1,4,4,4,1,3,4,4.00,4,4,4,1800000,128.57,4,4,4,4,4,3,4,3,4,4,5,Sangat Tidak Puas
100,1,40,1,2,1,3,4,4,1,2,3,3.00,4,4,3,2500000,178.57,4,3,4,4,3,3,4,3,2,2,4,Sangat Tidak Puas
101,1,36,1,3,1,3,5,5,1,4,5,5.00,5,4,4,2500000,178.57,4,4,4,4,4,4,3,4,4,4,4,Sangat Tidak Puas
102,1,38,1,3,1,5,4,4,3,3,6,2.00,4,4,4,2000000,142.86,4,4,4,4,4,4,4,4,4,4,4,Sangat Tidak Puas
103,1,38,2,3,1,3,4,4,1,1,2,2.00,4,4,4,3000000,214.29,4,4,4,4,4,3,3,3,4,4,4,Sangat Tidak Puas
104,1,46,1,3,1,3,4,4,4,0,4,1.00,4,4,4,2000000,142.86,4,4,4,2,3,2,2,2,2,2,2,Sangat Puas
105,1,30,1,3,1,3,4,4,1,1,2,2.00,4,4,4,2000000,142.86,4,4,4,4,4,3,4,4,4,3,4,Sangat Tidak Puas
106,1,37,1,3,1,3,3,3,1,4,5,5.00,4,3,2,1600000,114.29,4,3,4,4,3,4,4,4,4,4,4,Sangat Tidak Puas
107,1,46,1,3,1,4,4,4,3,2,5,1.67,4,4,4,3000000,214.29,4,4,4,2,2,2,2,2,2,4,4,Sangat Puas
108,1,56,1,3,1,1,4,4,3,3,6,2.00,4,4,4,3300000,235.71,4,4,4,2,2,2,2,2,2,2,2,Sangat Puas
109,2,30,1,5,1,5,4,5,2,3,5,2.50,2,3,2,2000000,142.86,4,4,4,3,2,2,3,3,2,2,2,Biasa
110,1,50,1,3,1,1,4,4,1,1,2,2.00,4,4,4,2800000,200.00,3,2,1,3,2,1,1,1,2,1,1,Biasa
111,2,48,1,5,1,1,4,5,3,3,6,2.00,3,3,3,3300000,235.71,4,3,4,5,2,3,3,4,2,4,4,Sangat Tidak Puas
112,1,30,1,3,1,3,4,3,1,2,3,3.00,4,3,3,1600000,114.29,5,3,3,5,4,4,4,4,3,4,3,Sangat Tidak Puas
113,1,35,1,5,1,3,4,4,1,4,5,5.00,4,4,4,2000000,142.86,4,3,5,4,3,2,4,3,2,4,4,Sangat Tidak Puas
114,1,25,1,3,1,3,4,4,1,1,2,2.00,3,3,3,1300000,92.86,3,4,3,3,3,3,4,4,3,4,2,Biasa
115,1,25,1,3,1,3,3,5,2,0,2,1.00,3,3,3,1550000,110.71,4,4,3,1,1,1,1,1,1,1,1,Sangat Puas
116,1,56,1,3,1,4,5,5,1,1,2,2.00,4,4,3,800000,57.14,4,4,4,3,4,3,3,3,4,3,3,Biasa
117,1,53,1,1,1,4,4,4,1,1,2,2.00,4,4,4,850000,60.71,4,4,4,2,2,2,2,2,4,2,2,Sangat Puas
118,2,23,2,4,1,3,2,3,2,1,3,1.50,4,4,3,1500000,107.14,4,3,4,4,3,2,2,2,2,3,3,Sangat Tidak Puas
119,1,21,2,3,1,3,3,3,3,3,6,2.00,3,3,3,720000,51.43,3,3,3,3,3,2,3,2,2,3,3,Biasa
120,1,35,1,5,1,5,4,4,1,3,4,4.00,3,3,3,5000000,357.14,4,3,3,4,3,3,2,2,3,4,5,Sangat Tidak Puas
121,1,30,1,5,1,3,4,4,1,2,3,3.00,4,4,4,2500000,178.57,4,4,3,4,3,2,2,2,3,4,4,Sangat Tidak Puas
122,1,37,1,2,1,4,4,3,1,2,3,3.00,4,4,3,1500000,107.14,4,3,3,4,2,3,3,2,3,4,4,Sangat Tidak Puas
123,1,38,1,2,1,4,4,4,2,2,4,2.00,4,4,3,1800000,128.57,4,4,3,4,3,3,3,3,3,4,4,Sangat Tidak Puas
124,1,40,1,5,1,1,4,4,2,1,3,1.50,4,4,4,2500000,178.57,4,3,3,4,3,3,2,2,3,2,3,Sangat Tidak Puas
125,1,38,1,3,1,5,4,4,2,3,5,2.50,4,3,4,1400000,100.00,4,4,3,4,3,3,2,2,3,4,4,Sangat Tidak Puas
126,1,37,1,2,1,4,4,4,1,3,4,4.00,4,3,4,1700000,121.43,4,4,4,4,4,3,3,3,4,4,4,Sangat Tidak Puas
127,1,38,1,2,1,4,4,3,1,3,4,4.00,4,4,3,1400000,100.00,4,4,3,4,4,2,3,2,3,4,4,Sangat Tidak Puas
128,1,38,1,1,1,4,4,4,3,5,8,2.67,4,4,4,8000000,571.43,4,4,3,4,2,2,2,2,3,4,5,Sangat Tidak Puas
129,1,35,1,4,1,4,4,4,2,2,4,2.00,4,4,3,2500000,178.57,4,4,4,2,2,2,2,2,2,4,4,Sangat Puas
130,1,29,1,2,1,4,5,4,1,3,4,4.00,5,5,5,1700000,121.43,3,3,3,5,2,2,4,1,1,1,1,Sangat Tidak Puas
131,1,27,1,3,1,5,4,4,2,0,2,1.00,3,3,3,4000000,285.71,3,3,3,3,2,2,3,2,3,3,3,Biasa
132,1,28,1,3,1,3,3,3,5,1,6,1.20,3,3,3,1400000,100.00,3,3,3,3,3,3,3,3,3,3,3,Biasa
133,1,37,1,3,1,4,4,3,2,3,5,2.50,4,4,2,2000000,142.86,4,4,4,4,4,4,2,2,4,2,3,Sangat Tidak Puas
134,1,42,1,1,1,3,4,3,1,4,5,5.00,2,2,3,1500000,107.14,3,3,4,3,4,5,3,3,3,3,2,Biasa
135,1,34,1,3,1,4,4,4,1,3,4,4.00,3,3,3,1800000,128.57,4,4,4,5,4,2,2,2,2,4,2,Sangat Tidak Puas
136,2,18,2,3,1,3,4,4,1,0,1,1.00,4,4,2,1000000,71.43,4,4,4,4,5,2,4,4,4,5,3,Sangat Tidak Puas
137,2,30,1,5,1,4,4,4,2,2,4,2.00,3,3,3,2500000,178.57,4,4,4,3,3,3,3,3,4,4,4,Biasa
138,1,24,2,3,1,3,5,5,2,2,4,2.00,4,4,4,2000000,142.86,4,4,4,2,2,2,2,2,2,4,4,Sangat Puas
139,1,27,1,3,1,4,4,4,1,1,2,2.00,2,3,2,2500000,178.57,3,3,3,2,2,2,2,2,4,4,4,Sangat Puas
140,2,40,4,2,1,5,3,3,1,1,2,2.00,4,4,4,1200000,85.71,4,4,4,5,3,3,3,3,3,3,3,Sangat Tidak Puas
141,1,25,2,3,1,5,4,4,2,2,4,2.00,4,4,4,2100000,150.00,4,3,4,4,4,4,4,3,3,4,4,Sangat Tidak Puas
142,1,50,3,2,1,5,4,3,2,1,3,1.50,4,4,4,1900000,135.71,4,4,4,4,3,3,3,3,3,3,4,Sangat Tidak Puas
143,2,40,4,2,1,5,4,4,1,2,3,3.00,4,4,4,950000,67.86,4,4,4,4,3,3,3,3,3,3,3,Sangat Tidak Puas
144,1,30,1,3,1,5,4,4,1,1,2,2.00,4,4,4,1700000,121.43,4,4,4,4,3,2,4,4,3,4,4,Sangat Tidak Puas
145,1,37,1,3,2,5,4,4,1,2,3,3.00,4,3,3,1600000,114.29,5,5,5,4,4,3,3,4,4,2,2,Sangat Tidak Puas
146,1,39,1,3,1,5,2,4,1,3,4,4.00,4,4,2,1200000,85.71,4,3,4,2,5,3,5,3,3,2,3,Sangat Puas
147,1,48,1,3,1,5,4,4,2,2,4,2.00,4,3,4,1100000,78.57,4,4,4,4,4,4,4,3,3,3,3,Sangat Tidak Puas
148,1,22,2,3,1,5,4,4,1,2,3,3.00,3,3,3,1450000,103.57,4,4,3,4,3,3,3,4,4,4,3,Sangat Tidak Puas
149,1,23,2,3,1,5,4,4,1,0,1,1.00,4,4,4,1200000,85.71,4,4,4,4,4,4,4,4,4,4,4,Sangat Tidak Puas
150,1,48,1,3,3,3,4,4,1,2,3,3.00,4,4,4,2100000,150.00,4,4,4,4,4,3,3,3,4,4,4,Sangat Tidak Puas
151,1,28,2,3,1,5,4,4,1,1,2,2.00,4,4,4,1400000,100.00,4,3,4,4,3,3,3,3,4,4,3,Sangat Tidak Puas
152,2,40,4,1,1,5,4,4,1,0,1,1.00,4,4,4,800000,57.14,4,4,4,4,3,3,3,3,3,3,3,Sangat Tidak Puas
153,2,24,2,5,1,1,4,4,2,1,3,1.50,4,4,4,4300000,307.14,4,4,4,4,4,4,4,4,4,4,4,Sangat Tidak Puas
154,2,21,2,3,1,5,4,4,2,2,4,2.00,4,4,4,1100000,78.57,4,4,4,4,4,4,3,3,3,4,4,Sangat Tidak Puas
155,1,27,2,3,1,5,4,4,2,1,3,1.50,4,4,4,1050000,75.00,4,4,4,4,3,3,3,4,3,3,4,Sangat Tidak Puas
156,2,22,2,3,1,5,5,5,2,2,4,2.00,4,4,4,1100000,78.57,4,4,4,4,3,3,3,3,3,4,4,Sangat Tidak Puas
157,1,19,2,3,1,5,4,4,2,4,6,3.00,4,4,4,1100000,78.57,4,4,4,4,4,4,4,4,4,4,4,Sangat Tidak Puas
158,2,22,2,3,1,5,4,4,2,2,4,2.00,4,4,4,1200000,85.71,4,4,4,4,4,4,4,4,3,3,3,Sangat Tidak Puas
159,1,42,1,3,1,3,4,4,1,4,5,5.00,4,4,4,1800000,128.57,4,4,4,4,4,4,3,4,3,4,4,Sangat Tidak Puas
160,1,50,1,3,1,5,4,4,3,1,4,1.33,3,3,3,1400000,100.00,4,4,4,4,4,3,3,3,4,3,4,Sangat Tidak Puas
161,2,27,2,5,1,3,4,4,2,2,4,2.00,4,4,4,2600000,185.71,4,4,4,4,4,4,4,4,4,4,4,Sangat Tidak Puas
162,2,23,2,5,1,5,4,4,2,1,3,1.50,4,4,4,200000,14.29,4,3,3,3,4,4,4,3,3,3,3,Biasa
163,1,24,2,3,2,5,4,4,3,2,5,1.67,4,4,4,1500000,107.14,4,4,4,3,4,4,4,3,3,3,3,Biasa
164,1,24,2,4,1,3,4,4,2,3,5,2.50,4,4,3,1300000,92.86,4,1,3,2,4,3,3,3,3,3,3,Sangat Puas
165,1,37,1,3,1,5,4,4,1,4,5,5.00,4,4,4,1500000,107.14,4,4,4,1,2,2,2,2,2,1,1,Sangat Puas
166,2,40,4,1,1,5,3,4,1,1,2,2.00,4,4,4,800000,57.14,3,3,4,2,4,2,3,3,4,4,3,Sangat Puas
167,1,36,1,5,1,3,4,4,1,1,2,2.00,4,4,4,2800000,200.00,4,4,4,4,4,4,4,4,4,4,4,Sangat Tidak Puas
168,2,25,2,3,1,5,4,4,3,1,4,1.33,4,4,4,1300000,92.86,3,3,3,4,3,3,3,3,3,3,3,Sangat Tidak Puas
169,2,23,2,5,1,3,4,4,1,2,3,3.00,4,4,4,1400000,100.00,4,3,3,3,4,4,4,4,4,4,4,Biasa
170,1,22,2,2,1,5,4,4,2,1,3,1.50,4,4,3,1000000,71.43,3,3,3,3,3,3,3,3,3,3,3,Biasa
171,1,38,1,3,2,3,4,4,1,1,2,2.00,5,5,4,2500000,178.57,4,3,3,4,3,3,3,3,3,3,3,Sangat Tidak Puas
172,1,29,1,4,1,3,4,3,2,1,3,1.50,4,5,4,2000000,142.86,4,4,3,4,4,5,4,4,3,3,4,Sangat Tidak Puas
173,1,35,1,3,1,1,4,4,1,4,5,5.00,4,4,3,2000000,142.86,4,4,3,4,3,4,5,5,3,3,2,Sangat Tidak Puas
174,1,38,1,3,1,4,4,4,1,4,5,5.00,4,4,3,2000000,142.86,4,4,3,4,1,1,2,2,2,3,3,Sangat Tidak Puas
175,1,45,1,3,1,1,4,3,2,3,5,2.50,4,4,4,2500000,178.57,4,4,3,2,2,2,2,2,4,4,4,Sangat Puas
176,1,27,1,3,1,4,4,4,1,1,2,2.00,4,4,4,3000000,214.29,4,4,4,3,2,2,2,2,2,4,4,Biasa
177,2,26,2,5,1,3,4,3,1,0,1,1.00,4,4,5,2500000,178.57,4,5,4,4,4,5,3,2,4,3,4,Sangat Tidak Puas
178,2,28,1,5,1,1,4,3,2,1,3,1.50,4,4,5,1500000,107.14,4,4,3,4,3,4,3,4,3,4,3,Sangat Tidak Puas
179,2,41,4,2,2,5,4,4,1,1,2,2.00,4,4,4,1000000,71.43,4,3,3,4,4,3,3,3,3,4,3,Sangat Tidak Puas
180,1,36,1,3,1,5,4,4,1,3,4,4.00,4,3,3,1200000,85.71,4,4,4,4,4,3,3,3,3,3,3,Sangat Tidak Puas
181,1,45,1,5,1,1,4,4,2,2,4,2.00,4,4,4,2000000,142.86,4,5,4,3,2,2,3,4,3,3,3,Biasa
182,1,38,1,3,1,3,4,4,2,0,2,1.00,4,4,4,1500000,107.14,4,4,4,3,4,3,4,3,3,3,4,Biasa
183,1,27,1,3,1,3,4,5,1,2,3,3.00,5,4,4,2800000,200.00,5,4,5,5,4,4,5,4,5,4,5,Sangat Tidak Puas
184,2,23,1,3,1,3,4,4,2,0,2,1.00,4,4,4,2500000,178.57,4,4,4,4,3,3,2,3,3,2,3,Sangat Tidak Puas
185,1,32,1,3,1,3,5,4,1,1,2,2.00,4,4,4,3000000,214.29,4,4,5,4,4,4,5,5,4,4,5,Sangat Tidak Puas
186,1,33,1,3,1,4,3,4,1,2,3,3.00,3,3,3,3000000,214.29,4,4,3,3,3,3,3,3,4,4,3,Biasa
187,1,47,1,5,1,4,4,5,2,3,5,2.50,3,3,4,3500000,250.00,4,4,3,4,2,2,3,2,2,4,3,Sangat Tidak Puas
188,2,45,1,6,1,1,4,5,2,3,5,2.50,3,3,4,3500000,250.00,4,4,3,4,4,4,3,3,3,3,4,Sangat Tidak Puas
189,1,50,1,3,1,3,4,5,4,1,5,1.25,3,4,4,4000000,285.71,4,4,4,3,2,2,2,2,2,3,4,Biasa
190,2,40,1,4,1,1,4,4,2,2,4,2.00,4,5,4,3000000,214.29,4,5,4,4,2,2,2,3,2,3,3,Sangat Tidak Puas
191,2,31,1,3,1,5,4,2,2,1,3,1.50,3,2,3,1500000,107.14,4,2,3,5,4,3,2,3,2,4,3,Sangat Tidak Puas
192,1,29,1,3,1,5,5,4,2,1,3,1.50,3,4,4,2200000,157.14,5,4,3,4,4,4,4,4,4,4,4,Sangat Tidak Puas
193,2,25,1,3,1,5,4,5,2,2,4,2.00,4,5,4,1500000,107.14,5,4,5,4,4,5,4,4,5,4,4,Sangat Tidak Puas
194,2,28,1,3,1,4,4,5,2,2,4,2.00,4,5,4,1000000,71.43,4,3,4,4,4,5,5,4,5,4,5,Sangat Tidak Puas
195,2,42,1,4,1,3,4,5,2,2,4,2.00,4,4,5,2000000,142.86,4,4,5,4,4,5,4,5,4,5,4,Sangat Tidak Puas
196,2,19,2,3,1,3,4,4,1,0,1,1.00,4,4,5,2300000,164.29,4,3,2,4,3,3,2,3,4,4,5,Sangat Tidak Puas
197,2,34,1,5,1,1,4,4,2,2,4,2.00,4,4,5,2500000,178.57,5,4,4,4,4,5,4,5,4,5,4,Sangat Tidak Puas
198,1,25,1,3,1,2,4,5,2,0,2,1.00,4,4,5,2800000,200.00,4,4,5,4,4,4,5,4,4,5,5,Sangat Tidak Puas
199,1,28,1,2,1,5,4,4,1,2,3,3.00,3,3,3,1700000,121.43,3,3,3,3,3,3,3,3,3,3,3,Biasa
200,1,30,1,2,1,4,3,4,1,2,3,3.00,3,3,4,2500000,178.57,3,3,3,3,3,3,3,3,3,3,2,Biasa
201,1,40,1,2,1,4,3,4,1,2,3,3.00,3,2,3,3000000,214.29,3,3,3,3,3,3,3,4,4,3,3,Biasa
202,1,33,1,3,1,3,3,3,2,1,3,1.50,3,3,3,2000000,142.86,3,4,3,3,3,3,3,3,4,3,3,Biasa
203,1,39,1,3,1,2,4,4,2,1,3,1.50,4,4,4,5000000,357.14,4,4,4,4,3,3,3,3,3,2,2,Sangat Tidak Puas
204,2,44,1,3,1,3,5,4,2,3,5,2.50,5,4,4,4000000,285.71,4,4,3,5,4,5,4,4,4,5,4,Sangat Tidak Puas
205,1,42,1,2,1,3,3,3,1,3,4,4.00,3,3,4,3000000,214.29,3,3,3,3,3,3,3,3,4,4,4,Biasa
206,1,29,1,3,1,3,4,5,1,2,3,3.00,4,4,5,2500000,178.57,4,4,5,4,4,5,4,4,4,4,4,Sangat Tidak Puas
207,1,38,1,5,1,1,4,5,1,3,4,4.00,4,3,4,3000000,214.29,4,4,3,4,2,2,2,3,3,3,3,Sangat Tidak Puas
208,1,35,1,3,1,5,4,3,2,1,3,1.50,4,3,2,1500000,107.14,4,3,4,4,3,3,4,2,3,4,2,Sangat Tidak Puas
209,1,38,1,5,1,3,4,4,2,0,2,1.00,4,4,4,1500000,107.14,4,4,4,2,3,3,3,3,3,3,3,Sangat Puas
210,1,49,1,5,1,3,4,4,1,3,4,4.00,4,4,4,3000000,214.29,4,4,4,3,3,2,3,2,3,2,3,Biasa
211,1,30,1,3,1,5,4,4,2,1,3,1.50,4,4,4,1000000,71.43,4,4,4,3,3,2,3,3,2,2,3,Biasa
212,1,43,1,5,1,1,4,4,2,1,3,1.50,4,5,4,1500000,107.14,4,4,4,3,3,2,2,3,3,2,2,Biasa
213,1,45,1,5,1,3,5,4,1,4,5,5.00,5,5,2,3500000,250.00,5,5,3,5,2,1,1,1,3,3,3,Sangat Tidak Puas
214,1,48,1,3,1,4,3,3,2,3,5,2.50,4,3,3,10000000,714.29,5,4,3,3,3,3,3,4,3,3,3,Biasa
215,1,50,1,3,1,1,5,5,2,3,5,2.50,5,5,5,1500000,107.14,3,5,3,4,4,3,3,3,2,3,3,Sangat Tidak Puas
216,2,52,1,5,1,1,5,5,2,3,5,2.50,5,4,5,3000000,214.29,5,4,4,2,3,2,3,3,3,2,3,Sangat Puas
217,1,30,2,3,1,3,5,4,3,0,3,1.00,4,4,4,2000000,142.86,4,5,4,2,3,3,3,3,3,3,2,Sangat Puas
218,1,40,1,2,5,3,3,4,2,1,3,1.50,3,3,4,3000000,214.29,4,4,4,3,3,3,3,4,4,3,3,Biasa
219,1,43,1,5,1,4,4,3,1,5,6,6.00,4,3,5,4000000,285.71,4,4,5,4,4,2,3,4,2,2,3,Sangat Tidak Puas
220,1,35,1,3,1,4,3,4,1,3,4,4.00,3,3,4,3000000,214.29,4,4,3,3,3,3,3,4,3,4,4,Biasa
221,1,50,1,3,1,4,4,5,1,2,3,3.00,4,5,4,2600000,185.71,4,4,4,3,2,3,3,3,2,3,2,Biasa
222,1,49,1,2,1,1,5,4,2,3,5,2.50,5,3,3,2500000,178.57,3,4,3,4,3,4,3,3,3,3,3,Sangat Tidak Puas
223,1,45,1,3,1,4,4,5,1,2,3,3.00,4,5,4,3600000,257.14,4,4,5,3,3,3,3,2,3,2,3,Biasa
224,1,50,1,3,1,2,5,5,3,1,4,1.33,4,4,4,2000000,142.86,4,4,5,4,2,2,2,3,3,2,3,Sangat Tidak Puas
225,2,49,1,5,1,5,5,5,3,1,4,1.33,4,5,4,2000000,142.86,4,5,4,4,2,2,2,3,3,2,3,Sangat Tidak Puas
226,1,35,1,5,1,3,4,5,2,3,5,2.50,4,4,4,2000000,142.86,5,4,5,3,2,3,2,3,2,3,2,Biasa
227,1,45,1,3,1,4,4,5,1,3,4,4.00,5,4,5,3600000,257.14,4,5,4,3,4,3,4,2,3,4,3,Biasa
228,1,40,1,2,1,5,4,4,2,2,4,2.00,4,4,4,1600000,114.29,4,4,4,3,2,3,2,3,2,3,2,Biasa
229,1,53,1,3,1,1,5,5,2,4,6,3.00,4,4,4,3500000,250.00,5,5,5,5,2,2,3,2,2,2,2,Sangat Tidak Puas
230,2,27,2,5,1,3,4,4,2,1,3,1.50,4,4,3,1000000,71.43,4,4,4,4,5,3,4,5,4,3,4,Sangat Tidak Puas
231,1,52,1,3,1,1,5,5,2,3,5,2.50,5,4,5,3000000,214.29,5,4,4,4,3,2,3,3,3,2,3,Sangat Tidak Puas
232,2,49,1,3,1,1,4,4,2,4,6,3.00,2,4,2,2600000,185.71,4,5,4,4,4,4,4,4,4,3,4,Sangat Tidak Puas
233,1,51,1,3,1,1,4,4,2,4,6,3.00,2,4,3,2600000,185.71,2,3,4,4,4,4,4,4,4,3,4,Sangat Tidak Puas
234,2,43,1,3,1,4,5,5,2,4,6,3.00,4,4,4,2500000,178.57,5,4,4,4,2,2,2,2,3,3,2,Sangat Tidak Puas
235,1,48,1,1,1,1,5,5,2,4,6,3.00,4,4,4,2500000,178.57,5,4,4,4,2,2,2,2,3,3,2,Sangat Tidak Puas
236,2,38,4,3,1,4,5,3,1,1,2,2.00,3,3,4,1000000,71.43,3,4,3,3,3,4,3,3,3,3,4,Biasa
237,2,54,1,4,1,1,4,4,2,3,5,2.50,2,2,4,2000000,142.86,4,4,4,2,2,2,2,2,2,2,2,Sangat Puas
238,2,56,1,5,1,4,4,3,2,4,6,3.00,5,3,4,1500000,107.14,3,3,3,5,3,4,3,5,3,5,3,Sangat Tidak Puas
239,1,45,1,3,1,5,4,4,1,4,5,5.00,4,4,4,2000000,142.86,4,4,5,3,4,3,2,3,3,3,3,Biasa
240,1,54,1,5,1,1,5,5,3,3,6,2.00,4,5,4,4000000,285.71,5,4,5,3,2,3,3,2,3,2,3,Biasa
241,2,48,1,5,1,1,5,5,3,3,6,2.00,4,5,4,4000000,285.71,5,4,5,3,2,3,2,3,2,3,2,Biasa
242,2,28,1,5,5,3,3,3,2,3,5,2.50,3,3,3,2000000,142.86,4,3,3,3,4,3,3,3,3,2,3,Biasa
243,1,50,1,1,1,4,4,3,1,3,4,4.00,3,3,4,5000000,357.14,4,4,4,3,3,3,3,4,4,4,4,Biasa
244,1,40,1,3,1,5,3,3,2,2,4,2.00,3,3,3,1500000,107.14,3,3,3,4,3,4,4,3,3,3,4,Sangat Tidak Puas
245,1,28,1,3,1,3,2,4,1,2,3,3.00,3,3,3,2000000,142.86,3,1,3,3,3,4,3,3,3,4,3,Biasa
246,1,40,1,3,1,4,4,4,2,2,4,2.00,4,4,4,2000000,142.86,4,5,4,3,2,3,2,3,3,2,3,Biasa
247,1,30,2,3,1,1,4,4,1,2,3,3.00,4,4,4,2000000,142.86,4,4,4,3,3,3,3,3,3,3,3,Biasa
248,1,45,1,5,1,3,5,5,2,2,4,2.00,4,5,5,2000000,142.86,5,4,5,3,2,3,3,3,2,3,3,Biasa
249,2,35,2,5,1,1,4,3,1,2,3,3.00,4,4,4,2000000,142.86,4,4,4,3,3,3,2,3,3,2,3,Biasa
250,1,30,1,5,1,3,4,4,2,0,2,1.00,4,4,4,1500000,107.14,4,5,4,2,3,2,3,3,3,3,3,Sangat Puas
251,1,50,1,5,1,1,5,5,2,4,6,3.00,3,3,4,3000000,214.29,5,3,3,4,4,4,4,4,4,4,4,Sangat Tidak Puas
252,2,46,1,5,1,1,4,4,2,4,6,3.00,3,3,4,3000000,214.29,5,3,3,4,4,4,4,4,4,4,4,Sangat Tidak Puas
253,1,26,5,1,1,5,5,4,2,0,2,1.00,4,5,4,1000000,71.43,4,4,4,4,2,3,2,3,2,3,2,Sangat Tidak Puas
254,2,27,1,4,1,5,5,5,2,0,2,1.00,4,5,4,1000000,71.43,4,4,4,4,2,3,2,3,2,3,2,Sangat Tidak Puas
255,1,54,1,5,1,1,5,5,1,2,3,3.00,5,4,5,5000000,357.14,5,4,5,2,3,2,3,2,3,3,3,Sangat Puas
256,2,38,1,3,1,5,4,5,2,2,4,2.00,3,3,4,1000000,71.43,4,3,3,2,3,3,3,3,3,3,3,Sangat Puas
257,1,40,1,3,1,5,4,5,1,3,4,4.00,3,3,4,1000000,71.43,4,3,3,2,2,3,2,3,3,2,3,Sangat Puas
258,1,48,1,5,1,1,5,4,1,3,4,4.00,4,5,4,2000000,142.86,4,5,4,2,3,2,3,3,3,3,3,Sangat Puas
259,1,35,1,3,1,1,4,5,1,2,3,3.00,4,4,4,3000000,214.29,4,5,4,3,3,3,2,3,2,3,2,Biasa
260,2,29,1,3,1,4,5,4,2,1,3,1.50,4,4,4,2000000,142.86,4,5,4,4,4,4,3,4,5,4,4,Sangat Tidak Puas
261,1,42,1,5,1,1,4,4,2,3,5,2.50,4,4,4,4000000,285.71,4,4,4,4,3,3,3,3,3,4,3,Sangat Tidak Puas
262,1,30,1,3,1,4,5,4,2,1,3,1.50,4,4,5,400000,28.57,4,5,4,2,3,3,2,5,2,3,2,Sangat Puas
263,1,47,1,3,1,5,4,5,2,3,5,2.50,5,4,5,2000000,142.86,4,4,5,3,2,3,2,3,2,3,3,Biasa
264,1,45,1,3,1,1,5,4,2,3,5,2.50,5,5,5,1500000,107.14,4,5,5,4,4,4,4,3,3,3,3,Sangat Tidak Puas
265,1,35,1,3,1,2,4,4,2,0,2,1.00,4,4,4,2500000,178.57,4,4,4,2,2,2,3,2,3,2,3,Sangat Puas
266,1,38,1,2,1,5,3,3,1,2,3,3.00,3,4,3,500000,35.71,3,3,4,3,3,3,3,2,3,3,3,Biasa
267,1,40,1,3,1,3,4,4,2,2,4,2.00,4,4,4,1500000,107.14,4,4,4,2,3,3,2,3,2,3,2,Sangat Puas
268,1,40,1,3,1,2,4,5,1,3,4,4.00,4,5,4,3000000,214.29,4,5,4,3,2,3,2,2,3,3,3,Biasa
269,1,40,1,3,1,3,4,4,1,3,4,4.00,4,5,4,3000000,214.29,4,4,4,3,3,2,3,3,2,3,2,Biasa
270,1,30,1,3,1,5,4,4,2,1,3,1.50,4,4,4,1500000,107.14,4,4,4,2,3,2,3,2,3,2,3,Sangat Puas
271,1,22,2,3,1,2,4,4,1,0,1,1.00,4,4,4,2800000,200.00,4,4,4,4,4,3,4,3,3,2,3,Sangat Tidak Puas
272,1,36,1,5,1,4,5,5,2,3,5,2.50,4,3,4,7000000,500.00,4,4,3,3,3,2,2,2,4,3,4,Biasa
273,1,38,1,5,1,4,4,4,1,3,4,4.00,4,4,4,3500000,250.00,4,4,4,3,3,3,3,3,4,3,3,Biasa
274,2,27,1,3,1,5,4,5,2,2,4,2.00,5,5,4,2500000,178.57,4,4,4,4,5,4,4,5,4,4,4,Sangat Tidak Puas
275,1,28,1,3,1,4,4,4,1,2,3,3.00,3,3,3,3000000,214.29,3,3,3,3,3,3,3,3,4,3,3,Biasa
276,1,45,1,3,1,3,3,3,1,4,5,5.00,3,3,4,3000000,214.29,3,3,3,3,3,3,3,3,3,4,4,Biasa
277,1,27,1,3,1,5,5,4,1,2,3,3.00,5,4,3,2300000,164.29,5,4,5,4,4,5,5,4,4,4,4,Sangat Tidak Puas
278,2,40,1,3,2,4,2,3,2,3,5,2.50,3,3,4,4000000,285.71,3,4,4,4,3,1,3,1,3,3,3,Sangat Tidak Puas
279,2,29,1,4,1,3,5,4,2,2,4,2.00,5,4,4,2200000,157.14,5,4,5,4,5,4,5,4,4,4,4,Sangat Tidak Puas
280,1,27,1,5,1,3,4,5,1,1,2,2.00,4,3,4,2000000,142.86,4,4,3,4,4,4,4,5,4,5,4,Sangat Tidak Puas
281,2,31,2,5,2,3,5,4,1,0,1,1.00,4,4,5,5000000,357.14,4,4,5,4,4,3,4,3,5,3,4,Sangat Tidak Puas
282,1,50,1,4,1,1,4,3,1,4,5,5.00,4,4,4,4000000,285.71,3,3,3,3,3,3,3,3,4,3,3,Biasa
283,2,28,1,4,1,3,4,5,2,1,3,1.50,4,4,2,2000000,142.86,4,3,4,4,3,4,4,4,4,4,3,Sangat Tidak Puas
284,1,45,1,2,1,5,4,4,3,3,6,2.00,3,4,4,1600000,114.29,4,4,5,3,3,4,4,3,4,5,4,Biasa
285,1,23,2,3,1,5,4,4,2,3,5,2.50,3,4,4,1500000,107.14,4,4,4,3,4,4,3,3,4,4,3,Biasa
286,1,24,2,3,1,5,3,3,2,2,4,2.00,3,4,4,1500000,107.14,4,4,5,3,3,4,4,3,3,3,4,Biasa
287,1,30,2,3,1,5,4,4,2,2,4,2.00,3,3,4,1500000,107.14,4,4,3,3,3,4,4,5,4,3,3,Biasa
288,1,23,2,3,1,5,3,4,2,3,5,2.50,3,4,4,1200000,85.71,4,4,4,3,4,3,3,4,4,3,4,Biasa
289,1,25,1,3,1,3,3,4,2,2,4,2.00,3,3,4,1800000,128.57,4,4,4,3,3,4,4,3,4,4,4,Biasa
290,1,40,1,2,1,5,3,4,2,2,4,2.00,3,3,4,1800000,128.57,4,4,4,3,3,3,4,4,3,3,4,Biasa
291,1,28,1,3,1,2,3,3,1,2,3,3.00,3,3,4,3000000,214.29,3,4,4,3,3,4,3,3,4,3,4,Biasa
292,1,29,2,3,1,5,3,3,2,2,4,2.00,3,4,4,1500000,107.14,4,4,3,3,4,4,3,3,4,3,3,Biasa
293,2,25,2,3,1,5,3,4,2,2,4,2.00,4,4,5,1600000,114.29,4,4,3,3,4,4,4,3,3,4,3,Biasa
294,1,30,2,3,1,5,3,3,3,2,5,1.67,3,3,4,2500000,178.57,4,4,3,3,3,4,4,3,3,3,3,Biasa
295,1,35,1,3,1,1,3,3,2,2,4,2.00,3,4,4,2500000,178.57,3,3,4,3,3,3,4,4,3,4,4,Biasa
296,2,34,1,5,1,1,4,4,2,2,4,2.00,4,4,4,2500000,178.57,4,3,4,4,2,3,3,2,3,4,4,Sangat Tidak Puas
297,1,38,1,5,1,2,4,4,1,4,5,5.00,4,4,4,3000000,214.29,4,4,5,5,2,3,3,2,3,4,4,Sangat Tidak Puas
298,1,38,1,3,1,4,4,4,1,3,4,4.00,4,4,4,1700000,121.43,4,4,3,4,4,3,4,3,4,4,5,Sangat Tidak Puas
299,1,40,1,2,1,3,4,4,1,2,3,3.00,4,4,3,2500000,178.57,4,3,4,4,3,3,4,3,2,2,4,Sangat Tidak Puas
300,1,38,1,3,1,5,4,4,3,3,6,2.00,4,4,4,2000000,142.86,4,4,4,4,4,4,4,4,4,4,4,Sangat Tidak Puas
301,1,46,1,3,1,3,4,4,4,0,4,1.00,4,4,4,2000000,142.86,4,4,4,2,3,2,2,2,2,2,2,Sangat Puas
302,1,37,1,3,1,3,3,3,1,4,5,5.00,4,3,2,1600000,114.29,4,3,4,4,3,4,4,4,4,4,4,Sangat Tidak Puas
303,1,56,1,3,1,1,4,4,3,3,6,2.00,4,4,4,3300000,235.71,4,4,4,2,2,2,2,2,2,2,2,Sangat Puas
304,1,50,1,3,1,1,4,4,1,1,2,2.00,4,4,4,2800000,200.00,3,2,1,3,2,1,1,1,2,1,1,Biasa
305,1,30,1,3,1,3,4,3,1,2,3,3.00,4,3,3,1600000,114.29,5,3,3,5,4,4,4,4,3,4,3,Sangat Tidak Puas
306,1,25,1,3,1,3,4,4,1,1,2,2.00,3,3,3,1300000,92.86,3,4,3,3,3,3,4,4,3,4,2,Biasa
307,1,56,1,3,1,4,5,5,1,1,2,2.00,4,4,3,800000,57.14,4,4,4,3,4,3,3,3,4,3,3,Biasa
308,2,23,2,4,1,3,2,3,2,1,3,1.50,4,4,3,1500000,107.14,4,3,4,4,3,2,2,2,2,3,3,Sangat Tidak Puas
309,1,35,1,5,1,5,4,4,1,3,4,4.00,3,3,3,5000000,357.14,4,3,3,4,3,3,2,2,3,4,5,Sangat Tidak Puas
310,1,37,1,2,1,4,4,3,1,2,3,3.00,4,4,3,1500000,107.14,4,3,3,4,2,3,3,2,3,4,4,Sangat Tidak Puas
311,1,40,1,5,1,1,4,4,2,1,3,1.50,4,4,4,2500000,178.57,4,3,3,4,3,3,2,2,3,2,3,Sangat Tidak Puas
312,1,37,1,2,1,4,4,4,1,3,4,4.00,4,3,4,1700000,121.43,4,4,4,4,4,3,3,3,4,4,4,Sangat Tidak Puas
313,1,38,1,1,1,4,4,4,3,5,8,2.67,4,4,4,8000000,571.43,4,4,3,4,2,2,2,2,3,4,5,Sangat Tidak Puas
314,1,29,1,2,1,4,5,4,1,3,4,4.00,5,5,5,1700000,121.43,3,3,3,5,2,2,4,1,1,1,1,Sangat Tidak Puas
315,1,28,1,3,1,3,3,3,5,1,6,1.20,3,3,3,1400000,100.00,3,3,3,3,3,3,3,3,3,3,3,Biasa
316,1,42,1,1,1,3,4,3,1,4,5,5.00,2,2,3,1500000,107.14,3,3,4,3,4,5,3,3,3,3,2,Biasa
317,2,18,2,3,1,3,4,4,1,0,1,1.00,4,4,2,1000000,71.43,4,4,4,4,5,2,4,4,4,5,3,Sangat Tidak Puas
318,1,24,2,3,1,3,5,5,2,2,4,2.00,4,4,4,2000000,142.86,4,4,4,2,2,2,2,2,2,4,4,Sangat Puas
319,2,40,4,2,1,5,3,3,1,1,2,2.00,4,4,4,1200000,85.71,4,4,4,5,3,3,3,3,3,3,3,Sangat Tidak Puas
320,1,50,3,2,1,5,4,3,2,1,3,1.50,4,4,4,1900000,135.71,4,4,4,4,3,3,3,3,3,3,4,Sangat Tidak Puas
321,1,30,1,3,1,5,4,4,1,1,2,2.00,4,4,4,1700000,121.43,4,4,4,4,3,4,4,4,3,4,4,Sangat Tidak Puas
322,1,39,1,3,1,5,2,4,1,3,4,4.00,4,4,2,1200000,85.71,4,3,4,2,5,3,5,3,3,2,3,Sangat Puas
323,1,22,2,3,1,5,4,4,1,2,3,3.00,3,3,3,1450000,103.57,4,4,3,4,3,3,3,4,4,4,3,Sangat Tidak Puas
324,1,48,1,3,3,3,4,4,1,2,3,3.00,4,4,4,2100000,150.00,4,4,4,4,4,3,3,3,4,4,4,Sangat Tidak Puas
325,2,40,4,1,1,5,4,4,1,0,1,1.00,4,4,4,800000,57.14,4,4,4,4,3,3,3,3,3,3,3,Sangat Tidak Puas
326,2,21,2,3,1,5,4,4,2,2,4,2.00,4,4,4,1100000,78.57,4,4,4,4,4,4,3,3,3,4,4,Sangat Tidak Puas
327,2,22,2,3,1,5,5,5,2,2,4,2.00,4,4,4,1100000,78.57,4,4,4,4,3,3,3,3,3,4,4,Sangat Tidak Puas
328,2,22,2,3,1,5,4,4,2,2,4,2.00,4,4,4,1200000,85.71,4,4,4,4,4,4,4,4,3,3,3,Sangat Tidak Puas
329,1,50,1,3,1,5,4,4,3,1,4,1.33,3,3,3,1400000,100.00,4,4,4,4,4,3,3,3,4,3,4,Sangat Tidak Puas
330,2,23,2,5,1,5,4,4,2,1,3,1.50,4,4,4,200000,14.29,4,3,3,3,4,4,4,3,3,3,3,Biasa
331,1,24,2,4,1,3,4,4,2,3,5,2.50,4,4,3,1300000,92.86,4,1,3,2,4,3,3,3,3,3,3,Sangat Puas
332,2,40,4,1,1,5,3,4,1,1,2,2.00,4,4,4,800000,57.14,3,3,4,2,4,2,3,3,4,4,3,Sangat Puas
333,2,25,2,3,1,5,4,4,3,1,4,1.33,4,4,4,2200000,157.14,3,3,3,4,3,3,3,3,3,3,3,Sangat Tidak Puas
334,1,22,2,2,1,5,4,4,2,1,3,1.50,4,4,3,1000000,71.43,3,3,3,3,3,3,3,3,3,3,3,Biasa
335,1,29,1,4,1,3,4,3,2,1,3,1.50,4,5,4,2000000,142.86,4,4,3,4,4,5,4,4,3,3,4,Sangat Tidak Puas
336,1,38,1,3,1,4,4,4,1,4,5,5.00,4,4,3,2000000,142.86,4,4,3,4,1,1,2,2,2,3,3,Sangat Tidak Puas
337,1,27,1,3,1,4,4,4,1,1,2,2.00,4,4,4,3000000,214.29,4,4,4,3,2,2,2,2,2,4,4,Biasa
338,2,28,1,5,1,1,4,3,2,1,3,1.50,4,4,5,1500000,107.14,4,4,3,4,3,4,3,4,3,4,3,Sangat Tidak Puas
339,1,36,1,3,1,5,4,4,1,3,4,4.00,4,3,3,1200000,85.71,4,4,4,4,4,3,3,3,3,3,3,Sangat Tidak Puas
340,1,38,1,3,1,3,4,4,2,0,2,1.00,4,4,4,1500000,107.14,4,4,4,3,4,3,4,3,3,3,4,Biasa
341,2,23,1,3,1,3,4,4,2,0,2,1.00,4,4,4,2500000,178.57,4,4,4,4,3,3,2,3,3,2,3,Sangat Tidak Puas
342,1,33,1,3,1,4,3,4,1,2,3,3.00,3,3,3,3000000,214.29,4,4,3,3,3,3,3,3,4,4,3,Biasa
343,2,45,1,6,1,1,4,5,2,3,5,2.50,3,3,4,3500000,250.00,4,4,3,4,4,4,3,3,3,3,4,Sangat Tidak Puas
344,2,40,1,4,1,1,4,4,2,2,4,2.00,4,5,4,3000000,214.29,4,5,4,4,2,2,2,3,2,3,3,Sangat Tidak Puas
345,1,29,1,3,1,5,5,4,2,1,3,1.50,3,4,4,2200000,157.14,5,4,3,4,4,4,4,4,4,4,4,Sangat Tidak Puas
346,2,28,1,3,1,4,4,5,2,2,4,2.00,4,5,4,1000000,71.43,4,3,4,4,4,5,5,4,5,4,5,Sangat Tidak Puas
347,2,19,2,3,1,3,4,4,1,0,1,1.00,4,4,5,2300000,164.29,4,3,2,4,3,3,2,3,4,4,5,Sangat Tidak Puas
348,1,25,1,3,1,2,4,5,2,0,2,1.00,4,4,5,2800000,200.00,4,4,5,4,4,4,5,4,4,5,5,Sangat Tidak Puas
349,1,30,1,2,1,4,3,4,1,2,3,3.00,3,3,4,2500000,178.57,3,3,3,3,3,3,3,3,3,3,2,Biasa
350,1,33,1,3,1,3,3,3,2,1,3,1.50,3,3,3,2000000,142.86,3,4,3,3,3,3,3,3,4,3,3,Biasa
351,2,44,1,3,1,3,5,4,2,3,5,2.50,5,4,4,4000000,285.71,4,4,3,5,4,5,4,4,4,5,4,Sangat Tidak Puas
352,1,29,1,3,1,3,4,5,1,2,3,3.00,4,4,5,2500000,178.57,4,4,5,4,4,5,4,4,4,4,4,Sangat Tidak Puas
353,1,35,1,3,1,5,4,3,2,1,3,1.50,4,3,2,1500000,107.14,4,3,4,4,3,3,4,2,3,4,2,Sangat Tidak Puas
354,1,49,1,5,1,3,4,4,1,3,4,4.00,4,4,4,3000000,214.29,4,4,4,3,3,2,3,2,3,2,3,Biasa
355,1,43,1,5,1,1,4,4,2,1,3,1.50,4,5,4,1500000,107.14,4,4,4,3,3,2,2,3,3,2,2,Biasa
356,1,48,1,3,1,4,3,3,2,3,5,2.50,4,3,3,10000000,714.29,5,4,3,3,3,3,3,4,3,3,3,Biasa
357,2,52,1,5,1,1,5,5,2,3,5,2.50,5,4,5,3000000,214.29,5,4,4,2,3,2,3,3,3,2,3,Sangat Puas
358,1,40,1,2,5,3,3,4,2,1,3,1.50,3,3,4,3000000,214.29,4,4,4,3,3,3,3,4,4,3,3,Biasa
359,1,35,1,3,1,4,3,4,1,3,4,4.00,3,3,4,3000000,214.29,4,4,3,3,3,3,3,4,3,4,4,Biasa
360,1,49,1,2,1,1,5,4,2,3,5,2.50,5,3,3,2500000,178.57,3,4,3,4,3,4,3,3,3,3,3,Sangat Tidak Puas
361,1,50,1,3,1,2,5,5,3,1,4,1.33,4,4,4,2000000,142.86,4,4,5,4,2,2,2,3,3,2,3,Sangat Tidak Puas
362,1,35,1,5,1,3,4,5,2,3,5,2.50,4,4,4,2000000,142.86,5,4,5,3,2,3,2,3,2,3,2,Biasa
363,1,40,1,2,1,5,4,4,2,2,4,2.00,4,4,4,1600000,114.29,4,4,4,3,2,3,2,3,2,3,2,Biasa
364,2,27,2,5,1,3,4,4,2,1,3,1.50,4,4,3,1000000,71.43,4,4,4,4,5,3,4,5,4,3,4,Sangat Tidak Puas
365,2,49,1,3,1,1,4,4,2,4,6,3.00,2,4,2,2600000,185.71,4,5,4,4,4,4,4,4,4,3,4,Sangat Tidak Puas
366,2,43,1,3,1,4,5,5,2,4,6,3.00,4,4,4,2500000,178.57,5,4,4,4,2,2,2,2,3,3,2,Sangat Tidak Puas
367,2,38,4,3,1,4,5,3,1,1,2,2.00,3,3,4,1000000,71.43,3,4,3,3,3,4,3,3,3,3,4,Biasa
368,2,56,1,5,1,4,4,3,2,4,6,3.00,5,3,4,1500000,107.14,3,3,3,5,3,4,3,5,3,5,3,Sangat Tidak Puas
369,1,54,1,5,1,1,5,5,3,3,6,2.00,4,5,4,4000000,285.71,5,4,5,3,2,3,3,2,3,2,3,Biasa
370,2,28,1,5,5,3,3,3,2,3,5,2.50,3,3,3,2000000,142.86,4,3,3,3,4,3,3,3,3,2,3,Biasa
371,1,40,1,3,1,5,3,3,2,2,4,2.00,3,3,3,1500000,107.14,3,3,3,4,3,4,4,3,3,3,4,Sangat Tidak Puas
372,1,40,1,3,1,4,4,4,2,2,4,2.00,4,4,4,2000000,142.86,4,5,4,3,2,3,2,3,3,2,3,Biasa
373,1,45,1,5,1,3,5,5,2,2,4,2.00,4,5,5,2000000,142.86,5,4,5,3,2,3,3,3,2,3,3,Biasa
374,1,30,1,5,1,3,4,4,2,0,2,1.00,4,4,4,1500000,107.14,4,5,4,2,3,2,3,3,3,3,3,Sangat Puas
375,2,46,1,5,1,1,4,4,2,4,6,3.00,3,3,4,3000000,214.29,5,3,3,4,4,4,4,4,4,4,4,Sangat Tidak Puas
376,2,27,1,4,1,5,5,5,2,0,2,1.00,4,5,4,1000000,71.43,4,4,4,4,2,3,2,3,2,3,2,Sangat Tidak Puas
377,2,38,1,3,1,5,4,5,2,2,4,2.00,3,3,4,1000000,71.43,4,3,3,2,3,3,3,3,3,3,3,Sangat Puas
378,1,48,1,5,1,1,5,4,1,3,4,4.00,4,5,4,2000000,142.86,4,5,4,2,3,2,3,3,3,3,3,Sangat Puas
379,2,29,1,3,1,4,5,4,2,1,3,1.50,4,4,4,2000000,142.86,4,5,4,4,4,4,3,4,5,4,4,Sangat Tidak Puas
380,1,30,1,3,1,4,5,4,2,1,3,1.50,4,4,5,400000,28.57,4,5,4,2,3,3,2,5,2,3,2,Sangat Puas
381,1,45,1,3,1,1,5,4,2,3,5,2.50,5,5,5,1500000,107.14,4,5,5,4,4,4,4,3,3,3,3,Sangat Tidak Puas
382,1,38,1,2,1,5,3,3,1,2,3,3.00,3,4,3,500000,35.71,3,3,4,3,3,3,3,2,3,3,3,Biasa
383,1,40,1,3,1,2,4,5,1,3,4,4.00,4,5,4,3000000,214.29,4,5,4,3,2,3,2,2,3,3,3,Biasa
384,1,30,1,3,1,5,4,4,2,1,3,1.50,4,4,4,1500000,107.14,4,4,4,2,3,2,3,2,3,2,3,Sangat Puas